Workbook

Sheet Saisie Factures
A1: ⛽ SUIVI DES DÉPENSES CARBURANT
A3: Date | B3: Quinzaine | C3: Mois | D3: Type Carburant | E3: Litres | F3: Prix/Litre (€) | G3: Montant Total (€) | H3: Kilométrage | I3: Notes
C4: =IF(A4="","",TEXT(A4,"MMMM YYYY")) | G4: =IF(AND(E4<>"",F4<>""),E4*F4,"")
C5: =IF(A5="","",TEXT(A5,"MMMM YYYY")) | G5: =IF(AND(E5<>"",F5<>""),E5*F5,"")
C6: =IF(A6="","",TEXT(A6,"MMMM YYYY")) | G6: =IF(AND(E6<>"",F6<>""),E6*F6,"")
C7: =IF(A7="","",TEXT(A7,"MMMM YYYY")) | G7: =IF(AND(E7<>"",F7<>""),E7*F7,"")
C8: =IF(A8="","",TEXT(A8,"MMMM YYYY")) | G8: =IF(AND(E8<>"",F8<>""),E8*F8,"")
C9: =IF(A9="","",TEXT(A9,"MMMM YYYY")) | G9: =IF(AND(E9<>"",F9<>""),E9*F9,"")
C10: =IF(A10="","",TEXT(A10,"MMMM YYYY")) | G10: =IF(AND(E10<>"",F10<>""),E10*F10,"")
C11: =IF(A11="","",TEXT(A11,"MMMM YYYY")) | G11: =IF(AND(E11<>"",F11<>""),E11*F11,"")
C12: =IF(A12="","",TEXT(A12,"MMMM YYYY")) | G12: =IF(AND(E12<>"",F12<>""),E12*F12,"")
C13: =IF(A13="","",TEXT(A13,"MMMM YYYY")) | G13: =IF(AND(E13<>"",F13<>""),E13*F13,"")
C14: =IF(A14="","",TEXT(A14,"MMMM YYYY")) | G14: =IF(AND(E14<>"",F14<>""),E14*F14,"")
C15: =IF(A15="","",TEXT(A15,"MMMM YYYY")) | G15: =IF(AND(E15<>"",F15<>""),E15*F15,"")
... C203: =IF(A203="","",TEXT(A203,"MMMM YYYY")) | G203: =IF(AND(E203<>"",F203<>""),E203*F203,"")

Sheet Récapitulatif Mensuel
A1: 📊 RÉCAPITULATIF MENSUEL DES DÉPENSES
A3: Année : | B3: 2026
A5: Mois | B5: Nb Pleins | C5: Litres Total | D5: Dépense Gasoil (€) | E5: Dépense SP (€) | F5: Dépense Totale (€) | G5: Prix Moyen/L (€) | H5: Km Parcourus
A6: Janvier | B6: =COUNTIFS('Saisie Factures'!A4:A203,">="&DATE(B3,1,1),'Saisie Factures'!A4:A203,"<"&DATE(B3,1+1,1)) | C6: =SUMPRODUCT((MONTH('Saisie Factures'!A4:A203)=1)*(YEAR('Saisie Factures'!A4:A203)=B$3)*('Saisie Factures'!E4:E203)) | D6: =SUMPRODUCT((MONTH('Saisie Factures'!A4:A203)=1)*(YEAR('Saisie Factures'!A4:A203)=B$3)*('Saisie Factures'!D4:D203="Gasoil")*('Saisie Factures'!G4:G203)) | E6: =SUMPRODUCT((MONTH('Saisie Factures'!A4:A203)=1)*(YEAR('Saisie Factures'!A4:A203)=B$3)*(LEFT('Saisie Factures'!D4:D203,4)="Sans")*('Saisie Factures'!G4:G203)) | F6: =SUMPRODUCT((MONTH('Saisie Factures'!A4:A203)=1)*(YEAR('Saisie Factures'!A4:A203)=B$3)*('Saisie Factures'!G4:G203)) | G6: =IF(C6=0,"",F6/C6) | H6: =IF(B6=0,"",MAXIFS('Saisie Factures'!H4:H203,'Saisie Factures'!A4:A203,">="&DATE(B$3,1,1),'Saisie Factures'!A4:A203,"<"&DATE(B$3,1+1,1))-MINIFS('Saisie Factures'!H4:H203,'Saisie Factures'!A4:A203,">="&DATE(B$3,1,1),'Saisie Factures'!A4:A203,"<"&DATE(B$3,1+1,1)))
A7: Février | B7: =COUNTIFS('Saisie Factures'!A4:A203,">="&DATE(B3,2,1),'Saisie Factures'!A4:A203,"<"&DATE(B3,2+1,1)) | C7: =SUMPRODUCT((MONTH('Saisie Factures'!A4:A203)=2)*(YEAR('Saisie Factures'!A4:A203)=B$3)*('Saisie Factures'!E4:E203)) | D7: =SUMPRODUCT((MONTH('Saisie Factures'!A4:A203)=2)*(YEAR('Saisie Factures'!A4:A203)=B$3)*('Saisie Factures'!D4:D203="Gasoil")*('Saisie Factures'!G4:G203)) | E7: =SUMPRODUCT((MONTH('Saisie Factures'!A4:A203)=2)*(YEAR('Saisie Factures'!A4:A203)=B$3)*(LEFT('Saisie Factures'!D4:D203,4)="Sans")*('Saisie Factures'!G4:G203)) | F7: =SUMPRODUCT((MONTH('Saisie Factures'!A4:A203)=2)*(YEAR('Saisie Factures'!A4:A203)=B$3)*('Saisie Factures'!G4:G203)) | G7: =IF(C7=0,"",F7/C7) | H7: =IF(B7=0,"",MAXIFS('Saisie Factures'!H4:H203,'Saisie Factures'!A4:A203,">="&DATE(B$3,2,1),'Saisie Factures'!A4:A203,"<"&DATE(B$3,2+1,1))-MINIFS('Saisie Factures'!H4:H203,'Saisie Factures'!A4:A203,">="&DATE(B$3,2,1),'Saisie Factures'!A4:A203,"<"&DATE(B$3,2+1,1)))
A8: Mars | B8: =COUNTIFS('Saisie Factures'!A4:A203,">="&DATE(B3,3,1),'Saisie Factures'!A4:A203,"<"&DATE(B3,3+1,1)) | C8: =SUMPRODUCT((MONTH('Saisie Factures'!A4:A203)=3)*(YEAR('Saisie Factures'!A4:A203)=B$3)*('Saisie Factures'!E4:E203)) | D8: =SUMPRODUCT((MONTH('Saisie Factures'!A4:A203)=3)*(YEAR('Saisie Factures'!A4:A203)=B$3)*('Saisie Factures'!D4:D203="Gasoil")*('Saisie Factures'!G4:G203)) | E8: =SUMPRODUCT((MONTH('Saisie Factures'!A4:A203)=3)*(YEAR('Saisie Factures'!A4:A203)=B$3)*(LEFT('Saisie Factures'!D4:D203,4)="Sans")*('Saisie Factures'!G4:G203)) | F8: =SUMPRODUCT((MONTH('Saisie Factures'!A4:A203)=3)*(YEAR('Saisie Factures'!A4:A203)=B$3)*('Saisie Factures'!G4:G203)) | G8: =IF(C8=0,"",F8/C8) | H8: =IF(B8=0,"",MAXIFS('Saisie Factures'!H4:H203,'Saisie Factures'!A4:A203,">="&DATE(B$3,3,1),'Saisie Factures'!A4:A203,"<"&DATE(B$3,3+1,1))-MINIFS('Saisie Factures'!H4:H203,'Saisie Factures'!A4:A203,">="&DATE(B$3,3,1),'Saisie Factures'!A4:A203,"<"&DATE(B$3,3+1,1)))
A9: Avril | B9: =COUNTIFS('Saisie Factures'!A4:A203,">="&DATE(B3,4,1),'Saisie Factures'!A4:A203,"<"&DATE(B3,4+1,1)) | C9: =SUMPRODUCT((MONTH('Saisie Factures'!A4:A203)=4)*(YEAR('Saisie Factures'!A4:A203)=B$3)*('Saisie Factures'!E4:E203)) | D9: =SUMPRODUCT((MONTH('Saisie Factures'!A4:A203)=4)*(YEAR('Saisie Factures'!A4:A203)=B$3)*('Saisie Factures'!D4:D203="Gasoil")*('Saisie Factures'!G4:G203)) | E9: =SUMPRODUCT((MONTH('Saisie Factures'!A4:A203)=4)*(YEAR('Saisie Factures'!A4:A203)=B$3)*(LEFT('Saisie Factures'!D4:D203,4)="Sans")*('Saisie Factures'!G4:G203)) | F9: =SUMPRODUCT((MONTH('Saisie Factures'!A4:A203)=4)*(YEAR('Saisie Factures'!A4:A203)=B$3)*('Saisie Factures'!G4:G203)) | G9: =IF(C9=0,"",F9/C9) | H9: =IF(B9=0,"",MAXIFS('Saisie Factures'!H4:H203,'Saisie Factures'!A4:A203,">="&DATE(B$3,4,1),'Saisie Factures'!A4:A203,"<"&DATE(B$3,4+1,1))-MINIFS('Saisie Factures'!H4:H203,'Saisie Factures'!A4:A203,">="&DATE(B$3,4,1),'Saisie Factures'!A4:A203,"<"&DATE(B$3,4+1,1)))
A10: Mai | B10: =COUNTIFS('Saisie Factures'!A4:A203,">="&DATE(B3,5,1),'Saisie Factures'!A4:A203,"<"&DATE(B3,5+1,1)) | C10: =SUMPRODUCT((MONTH('Saisie Factures'!A4:A203)=5)*(YEAR('Saisie Factures'!A4:A203)=B$3)*('Saisie Factures'!E4:E203)) | D10: =SUMPRODUCT((MONTH('Saisie Factures'!A4:A203)=5)*(YEAR('Saisie Factures'!A4:A203)=B$3)*('Saisie Factures'!D4:D203="Gasoil")*('Saisie Factures'!G4:G203)) | E10: =SUMPRODUCT((MONTH('Saisie Factures'!A4:A203)=5)*(YEAR('Saisie Factures'!A4:A203)=B$3)*(LEFT('Saisie Factures'!D4:D203,4)="Sans")*('Saisie Factures'!G4:G203)) | F10: =SUMPRODUCT((MONTH('Saisie Factures'!A4:A203)=5)*(YEAR('Saisie Factures'!A4:A203)=B$3)*('Saisie Factures'!G4:G203)) | G10: =IF(C10=0,"",F10/C10) | H10: =IF(B10=0,"",MAXIFS('Saisie Factures'!H4:H203,'Saisie Factures'!A4:A203,">="&DATE(B$3,5,1),'Saisie Factures'!A4:A203,"<"&DATE(B$3,5+1,1))-MINIFS('Saisie Factures'!H4:H203,'Saisie Factures'!A4:A203,">="&DATE(B$3,5,1),'Saisie Factures'!A4:A203,"<"&DATE(B$3,5+1,1)))
A11: Juin | B11: =COUNTIFS('Saisie Factures'!A4:A203,">="&DATE(B3,6,1),'Saisie Factures'!A4:A203,"<"&DATE(B3,6+1,1)) | C11: =SUMPRODUCT((MONTH('Saisie Factures'!A4:A203)=6)*(YEAR('Saisie Factures'!A4:A203)=B$3)*('Saisie Factures'!E4:E203)) | D11: =SUMPRODUCT((MONTH('Saisie Factures'!A4:A203)=6)*(YEAR('Saisie Factures'!A4:A203)=B$3)*('Saisie Factures'!D4:D203="Gasoil")*('Saisie Factures'!G4:G203)) | E11: =SUMPRODUCT((MONTH('Saisie Factures'!A4:A203)=6)*(YEAR('Saisie Factures'!A4:A203)=B$3)*(LEFT('Saisie Factures'!D4:D203,4)="Sans")*('Saisie Factures'!G4:G203)) | F11: =SUMPRODUCT((MONTH('Saisie Factures'!A4:A203)=6)*(YEAR('Saisie Factures'!A4:A203)=B$3)*('Saisie Factures'!G4:G203)) | G11: =IF(C11=0,"",F11/C11) | H11: =IF(B11=0,"",MAXIFS('Saisie Factures'!H4:H203,'Saisie Factures'!A4:A203,">="&DATE(B$3,6,1),'Saisie Factures'!A4:A203,"<"&DATE(B$3,6+1,1))-MINIFS('Saisie Factures'!H4:H203,'Saisie Factures'!A4:A203,">="&DATE(B$3,6,1),'Saisie Factures'!A4:A203,"<"&DATE(B$3,6+1,1)))
A12: Juillet | B12: =COUNTIFS('Saisie Factures'!A4:A203,">="&DATE(B3,7,1),'Saisie Factures'!A4:A203,"<"&DATE(B3,7+1,1)) | C12: =SUMPRODUCT((MONTH('Saisie Factures'!A4:A203)=7)*(YEAR('Saisie Factures'!A4:A203)=B$3)*('Saisie Factures'!E4:E203)) | D12: =SUMPRODUCT((MONTH('Saisie Factures'!A4:A203)=7)*(YEAR('Saisie Factures'!A4:A203)=B$3)*('Saisie Factures'!D4:D203="Gasoil")*('Saisie Factures'!G4:G203)) | E12: =SUMPRODUCT((MONTH('Saisie Factures'!A4:A203)=7)*(YEAR('Saisie Factures'!A4:A203)=B$3)*(LEFT('Saisie Factures'!D4:D203,4)="Sans")*('Saisie Factures'!G4:G203)) | F12: =SUMPRODUCT((MONTH('Saisie Factures'!A4:A203)=7)*(YEAR('Saisie Factures'!A4:A203)=B$3)*('Saisie Factures'!G4:G203)) | G12: =IF(C12=0,"",F12/C12) | H12: =IF(B12=0,"",MAXIFS('Saisie Factures'!H4:H203,'Saisie Factures'!A4:A203,">="&DATE(B$3,7,1),'Saisie Factures'!A4:A203,"<"&DATE(B$3,7+1,1))-MINIFS('Saisie Factures'!H4:H203,'Saisie Factures'!A4:A203,">="&DATE(B$3,7,1),'Saisie Factures'!A4:A203,"<"&DATE(B$3,7+1,1)))
A13: Août | B13: =COUNTIFS('Saisie Factures'!A4:A203,">="&DATE(B3,8,1),'Saisie Factures'!A4:A203,"<"&DATE(B3,8+1,1)) | C13: =SUMPRODUCT((MONTH('Saisie Factures'!A4:A203)=8)*(YEAR('Saisie Factures'!A4:A203)=B$3)*('Saisie Factures'!E4:E203)) | D13: =SUMPRODUCT((MONTH('Saisie Factures'!A4:A203)=8)*(YEAR('Saisie Factures'!A4:A203)=B$3)*('Saisie Factures'!D4:D203="Gasoil")*('Saisie Factures'!G4:G203)) | E13: =SUMPRODUCT((MONTH('Saisie Factures'!A4:A203)=8)*(YEAR('Saisie Factures'!A4:A203)=B$3)*(LEFT('Saisie Factures'!D4:D203,4)="Sans")*('Saisie Factures'!G4:G203)) | F13: =SUMPRODUCT((MONTH('Saisie Factures'!A4:A203)=8)*(YEAR('Saisie Factures'!A4:A203)=B$3)*('Saisie Factures'!G4:G203)) | G13: =IF(C13=0,"",F13/C13) | H13: =IF(B13=0,"",MAXIFS('Saisie Factures'!H4:H203,'Saisie Factures'!A4:A203,">="&DATE(B$3,8,1),'Saisie Factures'!A4:A203,"<"&DATE(B$3,8+1,1))-MINIFS('Saisie Factures'!H4:H203,'Saisie Factures'!A4:A203,">="&DATE(B$3,8,1),'Saisie Factures'!A4:A203,"<"&DATE(B$3,8+1,1)))
A14: Septembre | B14: =COUNTIFS('Saisie Factures'!A4:A203,">="&DATE(B3,9,1),'Saisie Factures'!A4:A203,"<"&DATE(B3,9+1,1)) | C14: =SUMPRODUCT((MONTH('Saisie Factures'!A4:A203)=9)*(YEAR('Saisie Factures'!A4:A203)=B$3)*('Saisie Factures'!E4:E203)) | D14: =SUMPRODUCT((MONTH('Saisie Factures'!A4:A203)=9)*(YEAR('Saisie Factures'!A4:A203)=B$3)*('Saisie Factures'!D4:D203="Gasoil")*('Saisie Factures'!G4:G203)) | E14: =SUMPRODUCT((MONTH('Saisie Factures'!A4:A203)=9)*(YEAR('Saisie Factures'!A4:A203)=B$3)*(LEFT('Saisie Factures'!D4:D203,4)="Sans")*('Saisie Factures'!G4:G203)) | F14: =SUMPRODUCT((MONTH('Saisie Factures'!A4:A203)=9)*(YEAR('Saisie Factures'!A4:A203)=B$3)*('Saisie Factures'!G4:G203)) | G14: =IF(C14=0,"",F14/C14) | H14: =IF(B14=0,"",MAXIFS('Saisie Factures'!H4:H203,'Saisie Factures'!A4:A203,">="&DATE(B$3,9,1),'Saisie Factures'!A4:A203,"<"&DATE(B$3,9+1,1))-MINIFS('Saisie Factures'!H4:H203,'Saisie Factures'!A4:A203,">="&DATE(B$3,9,1),'Saisie Factures'!A4:A203,"<"&DATE(B$3,9+1,1)))
A15: Octobre | B15: =COUNTIFS('Saisie Factures'!A4:A203,">="&DATE(B3,10,1),'Saisie Factures'!A4:A203,"<"&DATE(B3,10+1,1)) | C15: =SUMPRODUCT((MONTH('Saisie Factures'!A4:A203)=10)*(YEAR('Saisie Factures'!A4:A203)=B$3)*('Saisie Factures'!E4:E203)) | D15: =SUMPRODUCT((MONTH('Saisie Factures'!A4:A203)=10)*(YEAR('Saisie Factures'!A4:A203)=B$3)*('Saisie Factures'!D4:D203="Gasoil")*('Saisie Factures'!G4:G203)) | E15: =SUMPRODUCT((MONTH('Saisie Factures'!A4:A203)=10)*(YEAR('Saisie Factures'!A4:A203)=B$3)*(LEFT('Saisie Factures'!D4:D203,4)="Sans")*('Saisie Factures'!G4:G203)) | F15: =SUMPRODUCT((MONTH('Saisie Factures'!A4:A203)=10)*(YEAR('Saisie Factures'!A4:A203)=B$3)*('Saisie Factures'!G4:G203)) | G15: =IF(C15=0,"",F15/C15) | H15: =IF(B15=0,"",MAXIFS('Saisie Factures'!H4:H203,'Saisie Factures'!A4:A203,">="&DATE(B$3,10,1),'Saisie Factures'!A4:A203,"<"&DATE(B$3,10+1,1))-MINIFS('Saisie Factures'!H4:H203,'Saisie Factures'!A4:A203,">="&DATE(B$3,10,1),'Saisie Factures'!A4:A203,"<"&DATE(B$3,10+1,1)))
A16: Novembre | B16: =COUNTIFS('Saisie Factures'!A4:A203,">="&DATE(B3,11,1),'Saisie Factures'!A4:A203,"<"&DATE(B3,11+1,1)) | C16: =SUMPRODUCT((MONTH('Saisie Factures'!A4:A203)=11)*(YEAR('Saisie Factures'!A4:A203)=B$3)*('Saisie Factures'!E4:E203)) | D16: =SUMPRODUCT((MONTH('Saisie Factures'!A4:A203)=11)*(YEAR('Saisie Factures'!A4:A203)=B$3)*('Saisie Factures'!D4:D203="Gasoil")*('Saisie Factures'!G4:G203)) | E16: =SUMPRODUCT((MONTH('Saisie Factures'!A4:A203)=11)*(YEAR('Saisie Factures'!A4:A203)=B$3)*(LEFT('Saisie Factures'!D4:D203,4)="Sans")*('Saisie Factures'!G4:G203)) | F16: =SUMPRODUCT((MONTH('Saisie Factures'!A4:A203)=11)*(YEAR('Saisie Factures'!A4:A203)=B$3)*('Saisie Factures'!G4:G203)) | G16: =IF(C16=0,"",F16/C16) | H16: =IF(B16=0,"",MAXIFS('Saisie Factures'!H4:H203,'Saisie Factures'!A4:A203,">="&DATE(B$3,11,1),'Saisie Factures'!A4:A203,"<"&DATE(B$3,11+1,1))-MINIFS('Saisie Factures'!H4:H203,'Saisie Factures'!A4:A203,">="&DATE(B$3,11,1),'Saisie Factures'!A4:A203,"<"&DATE(B$3,11+1,1)))
A17: Décembre | B17: =COUNTIFS('Saisie Factures'!A4:A203,">="&DATE(B3,12,1),'Saisie Factures'!A4:A203,"<"&DATE(B3,12+1,1)) | C17: =SUMPRODUCT((MONTH('Saisie Factures'!A4:A203)=12)*(YEAR('Saisie Factures'!A4:A203)=B$3)*('Saisie Factures'!E4:E203)) | D17: =SUMPRODUCT((MONTH('Saisie Factures'!A4:A203)=12)*(YEAR('Saisie Factures'!A4:A203)=B$3)*('Saisie Factures'!D4:D203="Gasoil")*('Saisie Factures'!G4:G203)) | E17: =SUMPRODUCT((MONTH('Saisie Factures'!A4:A203)=12)*(YEAR('Saisie Factures'!A4:A203)=B$3)*(LEFT('Saisie Factures'!D4:D203,4)="Sans")*('Saisie Factures'!G4:G203)) | F17: =SUMPRODUCT((MONTH('Saisie Factures'!A4:A203)=12)*(YEAR('Saisie Factures'!A4:A203)=B$3)*('Saisie Factures'!G4:G203)) | G17: =IF(C17=0,"",F17/C17) | H17: =IF(B17=0,"",MAXIFS('Saisie Factures'!H4:H203,'Saisie Factures'!A4:A203,">="&DATE(B$3,12,1),'Saisie Factures'!A4:A203,"<"&DATE(B$3,12+1,1))-MINIFS('Saisie Factures'!H4:H203,'Saisie Factures'!A4:A203,">="&DATE(B$3,12,1),'Saisie Factures'!A4:A203,"<"&DATE(B$3,12+1,1)))
A18: TOTAL ANNUEL | B18: =SUM(B6:B17) | C18: =SUM(C6:C17) | D18: =SUM(D6:D17) | E18: =SUM(E6:E17) | F18: =SUM(F6:F17) | G18: =IF(C18=0,"",F18/C18)

Sheet Récap Quinzaine
A1: 📅 RÉCAPITULATIF PAR QUINZAINE
A3: Année : | B3: 2026
A5: Mois | B5: Quinzaine | C5: Nb Pleins | D5: Litres | E5: Dépense (€) | F5: Prix Moyen/L
A6: Janvier | B6: 1ère quinzaine | C6: =COUNTIFS('Saisie Factures'!A4:A203,">="&DATE(B$3,1,1),'Saisie Factures'!A4:A203,"<"&DATE(B$3,1+1,1),'Saisie Factures'!B4:B203,"1ère quinzaine") | D6: =SUMPRODUCT((MONTH('Saisie Factures'!A4:A203)=1)*(YEAR('Saisie Factures'!A4:A203)=B$3)*('Saisie Factures'!B4:B203="1ère quinzaine")*('Saisie Factures'!E4:E203)) | E6: =SUMPRODUCT((MONTH('Saisie Factures'!A4:A203)=1)*(YEAR('Saisie Factures'!A4:A203)=B$3)*('Saisie Factures'!B4:B203="1ère quinzaine")*('Saisie Factures'!G4:G203)) | F6: =IF(D6=0,"",E6/D6)
A7: Janvier | B7: 2ème quinzaine | C7: =COUNTIFS('Saisie Factures'!A4:A203,">="&DATE(B$3,1,1),'Saisie Factures'!A4:A203,"<"&DATE(B$3,1+1,1),'Saisie Factures'!B4:B203,"2ème quinzaine") | D7: =SUMPRODUCT((MONTH('Saisie Factures'!A4:A203)=1)*(YEAR('Saisie Factures'!A4:A203)=B$3)*('Saisie Factures'!B4:B203="2ème quinzaine")*('Saisie Factures'!E4:E203)) | E7: =SUMPRODUCT((MONTH('Saisie Factures'!A4:A203)=1)*(YEAR('Saisie Factures'!A4:A203)=B$3)*('Saisie Factures'!B4:B203="2ème quinzaine")*('Saisie Factures'!G4:G203)) | F7: =IF(D7=0,"",E7/D7)
A8: Février | B8: 1ère quinzaine | C8: =COUNTIFS('Saisie Factures'!A4:A203,">="&DATE(B$3,2,1),'Saisie Factures'!A4:A203,"<"&DATE(B$3,2+1,1),'Saisie Factures'!B4:B203,"1ère quinzaine") | D8: =SUMPRODUCT((MONTH('Saisie Factures'!A4:A203)=2)*(YEAR('Saisie Factures'!A4:A203)=B$3)*('Saisie Factures'!B4:B203="1ère quinzaine")*('Saisie Factures'!E4:E203)) | E8: =SUMPRODUCT((MONTH('Saisie Factures'!A4:A203)=2)*(YEAR('Saisie Factures'!A4:A203)=B$3)*('Saisie Factures'!B4:B203="1ère quinzaine")*('Saisie Factures'!G4:G203)) | F8: =IF(D8=0,"",E8/D8)
A9: Février | B9: 2ème quinzaine | C9: =COUNTIFS('Saisie Factures'!A4:A203,">="&DATE(B$3,2,1),'Saisie Factures'!A4:A203,"<"&DATE(B$3,2+1,1),'Saisie Factures'!B4:B203,"2ème quinzaine") | D9: =SUMPRODUCT((MONTH('Saisie Factures'!A4:A203)=2)*(YEAR('Saisie Factures'!A4:A203)=B$3)*('Saisie Factures'!B4:B203="2ème quinzaine")*('Saisie Factures'!E4:E203)) | E9: =SUMPRODUCT((MONTH('Saisie Factures'!A4:A203)=2)*(YEAR('Saisie Factures'!A4:A203)=B$3)*('Saisie Factures'!B4:B203="2ème quinzaine")*('Saisie Factures'!G4:G203)) | F9: =IF(D9=0,"",E9/D9)
A10: Mars | B10: 1ère quinzaine | C10: =COUNTIFS('Saisie Factures'!A4:A203,">="&DATE(B$3,3,1),'Saisie Factures'!A4:A203,"<"&DATE(B$3,3+1,1),'Saisie Factures'!B4:B203,"1ère quinzaine") | D10: =SUMPRODUCT((MONTH('Saisie Factures'!A4:A203)=3)*(YEAR('Saisie Factures'!A4:A203)=B$3)*('Saisie Factures'!B4:B203="1ère quinzaine")*('Saisie Factures'!E4:E203)) | E10: =SUMPRODUCT((MONTH('Saisie Factures'!A4:A203)=3)*(YEAR('Saisie Factures'!A4:A203)=B$3)*('Saisie Factures'!B4:B203="1ère quinzaine")*('Saisie Factures'!G4:G203)) | F10: =IF(D10=0,"",E10/D10)
A11: Mars | B11: 2ème quinzaine | C11: =COUNTIFS('Saisie Factures'!A4:A203,">="&DATE(B$3,3,1),'Saisie Factures'!A4:A203,"<"&DATE(B$3,3+1,1),'Saisie Factures'!B4:B203,"2ème quinzaine") | D11: =SUMPRODUCT((MONTH('Saisie Factures'!A4:A203)=3)*(YEAR('Saisie Factures'!A4:A203)=B$3)*('Saisie Factures'!B4:B203="2ème quinzaine")*('Saisie Factures'!E4:E203)) | E11: =SUMPRODUCT((MONTH('Saisie Factures'!A4:A203)=3)*(YEAR('Saisie Factures'!A4:A203)=B$3)*('Saisie Factures'!B4:B203="2ème quinzaine")*('Saisie Factures'!G4:G203)) | F11: =IF(D11=0,"",E11/D11)
A12: Avril | B12: 1ère quinzaine | C12: =COUNTIFS('Saisie Factures'!A4:A203,">="&DATE(B$3,4,1),'Saisie Factures'!A4:A203,"<"&DATE(B$3,4+1,1),'Saisie Factures'!B4:B203,"1ère quinzaine") | D12: =SUMPRODUCT((MONTH('Saisie Factures'!A4:A203)=4)*(YEAR('Saisie Factures'!A4:A203)=B$3)*('Saisie Factures'!B4:B203="1ère quinzaine")*('Saisie Factures'!E4:E203)) | E12: =SUMPRODUCT((MONTH('Saisie Factures'!A4:A203)=4)*(YEAR('Saisie Factures'!A4:A203)=B$3)*('Saisie Factures'!B4:B203="1ère quinzaine")*('Saisie Factures'!G4:G203)) | F12: =IF(D12=0,"",E12/D12)
A13: Avril | B13: 2ème quinzaine | C13: =COUNTIFS('Saisie Factures'!A4:A203,">="&DATE(B$3,4,1),'Saisie Factures'!A4:A203,"<"&DATE(B$3,4+1,1),'Saisie Factures'!B4:B203,"2ème quinzaine") | D13: =SUMPRODUCT((MONTH('Saisie Factures'!A4:A203)=4)*(YEAR('Saisie Factures'!A4:A203)=B$3)*('Saisie Factures'!B4:B203="2ème quinzaine")*('Saisie Factures'!E4:E203)) | E13: =SUMPRODUCT((MONTH('Saisie Factures'!A4:A203)=4)*(YEAR('Saisie Factures'!A4:A203)=B$3)*('Saisie Factures'!B4:B203="2ème quinzaine")*('Saisie Factures'!G4:G203)) | F13: =IF(D13=0,"",E13/D13)
A14: Mai | B14: 1ère quinzaine | C14: =COUNTIFS('Saisie Factures'!A4:A203,">="&DATE(B$3,5,1),'Saisie Factures'!A4:A203,"<"&DATE(B$3,5+1,1),'Saisie Factures'!B4:B203,"1ère quinzaine") | D14: =SUMPRODUCT((MONTH('Saisie Factures'!A4:A203)=5)*(YEAR('Saisie Factures'!A4:A203)=B$3)*('Saisie Factures'!B4:B203="1ère quinzaine")*('Saisie Factures'!E4:E203)) | E14: =SUMPRODUCT((MONTH('Saisie Factures'!A4:A203)=5)*(YEAR('Saisie Factures'!A4:A203)=B$3)*('Saisie Factures'!B4:B203="1ère quinzaine")*('Saisie Factures'!G4:G203)) | F14: =IF(D14=0,"",E14/D14)
A15: Mai | B15: 2ème quinzaine | C15: =COUNTIFS('Saisie Factures'!A4:A203,">="&DATE(B$3,5,1),'Saisie Factures'!A4:A203,"<"&DATE(B$3,5+1,1),'Saisie Factures'!B4:B203,"2ème quinzaine") | D15: =SUMPRODUCT((MONTH('Saisie Factures'!A4:A203)=5)*(YEAR('Saisie Factures'!A4:A203)=B$3)*('Saisie Factures'!B4:B203="2ème quinzaine")*('Saisie Factures'!E4:E203)) | E15: =SUMPRODUCT((MONTH('Saisie Factures'!A4:A203)=5)*(YEAR('Saisie Factures'!A4:A203)=B$3)*('Saisie Factures'!B4:B203="2ème quinzaine")*('Saisie Factures'!G4:G203)) | F15: =IF(D15=0,"",E15/D15)
A16: Juin | B16: 1ère quinzaine | C16: =COUNTIFS('Saisie Factures'!A4:A203,">="&DATE(B$3,6,1),'Saisie Factures'!A4:A203,"<"&DATE(B$3,6+1,1),'Saisie Factures'!B4:B203,"1ère quinzaine") | D16: =SUMPRODUCT((MONTH('Saisie Factures'!A4:A203)=6)*(YEAR('Saisie Factures'!A4:A203)=B$3)*('Saisie Factures'!B4:B203="1ère quinzaine")*('Saisie Factures'!E4:E203)) | E16: =SUMPRODUCT((MONTH('Saisie Factures'!A4:A203)=6)*(YEAR('Saisie Factures'!A4:A203)=B$3)*('Saisie Factures'!B4:B203="1ère quinzaine")*('Saisie Factures'!G4:G203)) | F16: =IF(D16=0,"",E16/D16)
A17: Juin | B17: 2ème quinzaine | C17: =COUNTIFS('Saisie Factures'!A4:A203,">="&DATE(B$3,6,1),'Saisie Factures'!A4:A203,"<"&DATE(B$3,6+1,1),'Saisie Factures'!B4:B203,"2ème quinzaine") | D17: =SUMPRODUCT((MONTH('Saisie Factures'!A4:A203)=6)*(YEAR('Saisie Factures'!A4:A203)=B$3)*('Saisie Factures'!B4:B203="2ème quinzaine")*('Saisie Factures'!E4:E203)) | E17: =SUMPRODUCT((MONTH('Saisie Factures'!A4:A203)=6)*(YEAR('Saisie Factures'!A4:A203)=B$3)*('Saisie Factures'!B4:B203="2ème quinzaine")*('Saisie Factures'!G4:G203)) | F17: =IF(D17=0,"",E17/D17)
A18: Juillet | B18: 1ère quinzaine | C18: =COUNTIFS('Saisie Factures'!A4:A203,">="&DATE(B$3,7,1),'Saisie Factures'!A4:A203,"<"&DATE(B$3,7+1,1),'Saisie Factures'!B4:B203,"1ère quinzaine") | D18: =SUMPRODUCT((MONTH('Saisie Factures'!A4:A203)=7)*(YEAR('Saisie Factures'!A4:A203)=B$3)*('Saisie Factures'!B4:B203="1ère quinzaine")*('Saisie Factures'!E4:E203)) | E18: =SUMPRODUCT((MONTH('Saisie Factures'!A4:A203)=7)*(YEAR('Saisie Factures'!A4:A203)=B$3)*('Saisie Factures'!B4:B203="1ère quinzaine")*('Saisie Factures'!G4:G203)) | F18: =IF(D18=0,"",E18/D18)
A19: Juillet | B19: 2ème quinzaine | C19: =COUNTIFS('Saisie Factures'!A4:A203,">="&DATE(B$3,7,1),'Saisie Factures'!A4:A203,"<"&DATE(B$3,7+1,1),'Saisie Factures'!B4:B203,"2ème quinzaine") | D19: =SUMPRODUCT((MONTH('Saisie Factures'!A4:A203)=7)*(YEAR('Saisie Factures'!A4:A203)=B$3)*('Saisie Factures'!B4:B203="2ème quinzaine")*('Saisie Factures'!E4:E203)) | E19: =SUMPRODUCT((MONTH('Saisie Factures'!A4:A203)=7)*(YEAR('Saisie Factures'!A4:A203)=B$3)*('Saisie Factures'!B4:B203="2ème quinzaine")*('Saisie Factures'!G4:G203)) | F19: =IF(D19=0,"",E19/D19)
A20: Août | B20: 1ère quinzaine | C20: =COUNTIFS('Saisie Factures'!A4:A203,">="&DATE(B$3,8,1),'Saisie Factures'!A4:A203,"<"&DATE(B$3,8+1,1),'Saisie Factures'!B4:B203,"1ère quinzaine") | D20: =SUMPRODUCT((MONTH('Saisie Factures'!A4:A203)=8)*(YEAR('Saisie Factures'!A4:A203)=B$3)*('Saisie Factures'!B4:B203="1ère quinzaine")*('Saisie Factures'!E4:E203)) | E20: =SUMPRODUCT((MONTH('Saisie Factures'!A4:A203)=8)*(YEAR('Saisie Factures'!A4:A203)=B$3)*('Saisie Factures'!B4:B203="1ère quinzaine")*('Saisie Factures'!G4:G203)) | F20: =IF(D20=0,"",E20/D20)
A21: Août | B21: 2ème quinzaine | C21: =COUNTIFS('Saisie Factures'!A4:A203,">="&DATE(B$3,8,1),'Saisie Factures'!A4:A203,"<"&DATE(B$3,8+1,1),'Saisie Factures'!B4:B203,"2ème quinzaine") | D21: =SUMPRODUCT((MONTH('Saisie Factures'!A4:A203)=8)*(YEAR('Saisie Factures'!A4:A203)=B$3)*('Saisie Factures'!B4:B203="2ème quinzaine")*('Saisie Factures'!E4:E203)) | E21: =SUMPRODUCT((MONTH('Saisie Factures'!A4:A203)=8)*(YEAR('Saisie Factures'!A4:A203)=B$3)*('Saisie Factures'!B4:B203="2ème quinzaine")*('Saisie Factures'!G4:G203)) | F21: =IF(D21=0,"",E21/D21)
A22: Septembre | B22: 1ère quinzaine | C22: =COUNTIFS('Saisie Factures'!A4:A203,">="&DATE(B$3,9,1),'Saisie Factures'!A4:A203,"<"&DATE(B$3,9+1,1),'Saisie Factures'!B4:B203,"1ère quinzaine") | D22: =SUMPRODUCT((MONTH('Saisie Factures'!A4:A203)=9)*(YEAR('Saisie Factures'!A4:A203)=B$3)*('Saisie Factures'!B4:B203="1ère quinzaine")*('Saisie Factures'!E4:E203)) | E22: =SUMPRODUCT((MONTH('Saisie Factures'!A4:A203)=9)*(YEAR('Saisie Factures'!A4:A203)=B$3)*('Saisie Factures'!B4:B203="1ère quinzaine")*('Saisie Factures'!G4:G203)) | F22: =IF(D22=0,"",E22/D22)
A23: Septembre | B23: 2ème quinzaine | C23: =COUNTIFS('Saisie Factures'!A4:A203,">="&DATE(B$3,9,1),'Saisie Factures'!A4:A203,"<"&DATE(B$3,9+1,1),'Saisie Factures'!B4:B203,"2ème quinzaine") | D23: =SUMPRODUCT((MONTH('Saisie Factures'!A4:A203)=9)*(YEAR('Saisie Factures'!A4:A203)=B$3)*('Saisie Factures'!B4:B203="2ème quinzaine")*('Saisie Factures'!E4:E203)) | E23: =SUMPRODUCT((MONTH('Saisie Factures'!A4:A203)=9)*(YEAR('Saisie Factures'!A4:A203)=B$3)*('Saisie Factures'!B4:B203="2ème quinzaine")*('Saisie Factures'!G4:G203)) | F23: =IF(D23=0,"",E23/D23)
A24: Octobre | B24: 1ère quinzaine | C24: =COUNTIFS('Saisie Factures'!A4:A203,">="&DATE(B$3,10,1),'Saisie Factures'!A4:A203,"<"&DATE(B$3,10+1,1),'Saisie Factures'!B4:B203,"1ère quinzaine") | D24: =SUMPRODUCT((MONTH('Saisie Factures'!A4:A203)=10)*(YEAR('Saisie Factures'!A4:A203)=B$3)*('Saisie Factures'!B4:B203="1ère quinzaine")*('Saisie Factures'!E4:E203)) | E24: =SUMPRODUCT((MONTH('Saisie Factures'!A4:A203)=10)*(YEAR('Saisie Factures'!A4:A203)=B$3)*('Saisie Factures'!B4:B203="1ère quinzaine")*('Saisie Factures'!G4:G203)) | F24: =IF(D24=0,"",E24/D24)
A25: Octobre | B25: 2ème quinzaine | C25: =COUNTIFS('Saisie Factures'!A4:A203,">="&DATE(B$3,10,1),'Saisie Factures'!A4:A203,"<"&DATE(B$3,10+1,1),'Saisie Factures'!B4:B203,"2ème quinzaine") | D25: =SUMPRODUCT((MONTH('Saisie Factures'!A4:A203)=10)*(YEAR('Saisie Factures'!A4:A203)=B$3)*('Saisie Factures'!B4:B203="2ème quinzaine")*('Saisie Factures'!E4:E203)) | E25: =SUMPRODUCT((MONTH('Saisie Factures'!A4:A203)=10)*(YEAR('Saisie Factures'!A4:A203)=B$3)*('Saisie Factures'!B4:B203="2ème quinzaine")*('Saisie Factures'!G4:G203)) | F25: =IF(D25=0,"",E25/D25)
A26: Novembre | B26: 1ère quinzaine | C26: =COUNTIFS('Saisie Factures'!A4:A203,">="&DATE(B$3,11,1),'Saisie Factures'!A4:A203,"<"&DATE(B$3,11+1,1),'Saisie Factures'!B4:B203,"1ère quinzaine") | D26: =SUMPRODUCT((MONTH('Saisie Factures'!A4:A203)=11)*(YEAR('Saisie Factures'!A4:A203)=B$3)*('Saisie Factures'!B4:B203="1ère quinzaine")*('Saisie Factures'!E4:E203)) | E26: =SUMPRODUCT((MONTH('Saisie Factures'!A4:A203)=11)*(YEAR('Saisie Factures'!A4:A203)=B$3)*('Saisie Factures'!B4:B203="1ère quinzaine")*('Saisie Factures'!G4:G203)) | F26: =IF(D26=0,"",E26/D26)
A27: Novembre | B27: 2ème quinzaine | C27: =COUNTIFS('Saisie Factures'!A4:A203,">="&DATE(B$3,11,1),'Saisie Factures'!A4:A203,"<"&DATE(B$3,11+1,1),'Saisie Factures'!B4:B203,"2ème quinzaine") | D27: =SUMPRODUCT((MONTH('Saisie Factures'!A4:A203)=11)*(YEAR('Saisie Factures'!A4:A203)=B$3)*('Saisie Factures'!B4:B203="2ème quinzaine")*('Saisie Factures'!E4:E203)) | E27: =SUMPRODUCT((MONTH('Saisie Factures'!A4:A203)=11)*(YEAR('Saisie Factures'!A4:A203)=B$3)*('Saisie Factures'!B4:B203="2ème quinzaine")*('Saisie Factures'!G4:G203)) | F27: =IF(D27=0,"",E27/D27)
A28: Décembre | B28: 1ère quinzaine | C28: =COUNTIFS('Saisie Factures'!A4:A203,">="&DATE(B$3,12,1),'Saisie Factures'!A4:A203,"<"&DATE(B$3,12+1,1),'Saisie Factures'!B4:B203,"1ère quinzaine") | D28: =SUMPRODUCT((MONTH('Saisie Factures'!A4:A203)=12)*(YEAR('Saisie Factures'!A4:A203)=B$3)*('Saisie Factures'!B4:B203="1ère quinzaine")*('Saisie Factures'!E4:E203)) | E28: =SUMPRODUCT((MONTH('Saisie Factures'!A4:A203)=12)*(YEAR('Saisie Factures'!A4:A203)=B$3)*('Saisie Factures'!B4:B203="1ère quinzaine")*('Saisie Factures'!G4:G203)) | F28: =IF(D28=0,"",E28/D28)
A29: Décembre | B29: 2ème quinzaine | C29: =COUNTIFS('Saisie Factures'!A4:A203,">="&DATE(B$3,12,1),'Saisie Factures'!A4:A203,"<"&DATE(B$3,12+1,1),'Saisie Factures'!B4:B203,"2ème quinzaine") | D29: =SUMPRODUCT((MONTH('Saisie Factures'!A4:A203)=12)*(YEAR('Saisie Factures'!A4:A203)=B$3)*('Saisie Factures'!B4:B203="2ème quinzaine")*('Saisie Factures'!E4:E203)) | E29: =SUMPRODUCT((MONTH('Saisie Factures'!A4:A203)=12)*(YEAR('Saisie Factures'!A4:A203)=B$3)*('Saisie Factures'!B4:B203="2ème quinzaine")*('Saisie Factures'!G4:G203)) | F29: =IF(D29=0,"",E29/D29)
